icao,iata,name
,*A,Star Alliance
,*O,Oneworld
,*Q,The Qualiflyer Group
,*S,Skyteam
BBL,0B,BBN Airlines Indonesia
,0C,Catovair
,0J,Premium Jet AG
,0N,North Star Air
,0O,STA Travel
,0P,Palau Pacific Airways
VFC,0V,Vietnam Air Services Company
,0W,W Caribbean Costa Rica
AGT,1A,Amadeus
,1B,Abacus
,1C,EDS Information Business
,1D,Raddix Solutions
,1E,Travelsky Technology
TTF,1F,Infini Travel Information
,1G,Travelport Galileo
,1H,Sirena Travel
EJA,1I,Netjets Aviation
NJE,1I,Netjets Europe
,1J,Axess International
,1K,Sutra
,1L,Navitaire Open Skies
,1M,Sirena Jsc
,1N,Navitaire New Skies
,1O,Phoenix Systems Dertours
WSP,1P,Travelport Worldspan
,1Q,Joint Stock Company Ital
,1R,Bird Information Systems
,1S,Sabre
,1T,East Line
,1U,ITA Software
,1V,Galileo International
,1W,Sabre
,1X,Branson Air Express
,1Y,Electronic Data Systems (EDS)
APD,1Z,Fantasia Info Network
DBB,2A,Deutsche Bahn
AWT,2B,Albawings
,2C,SNCF
EAL,2D,"Eastern Airlines, LLC"
EIX,2E,Smokey Bay Air
FAV,2F,Fair Aviation
,2G,Angara Airlines
,2H,Thalys
SRU,2I,Star Perú
VBW,2J,Air Burkina
GLG,2K,Aerolineas Galapagos
OAW,2L,Helvetic Airways
MYD,2M,Maya Island Air
NTJ,2N,Nextjet
RNE,2O,Redemption
GAP,2P,PAL Express
SNC,2Q,Air Cargo Carriers
VRR,2R,VIA Rail Canada
,2S,Air Carnival
BMA,2T,BermudAir
ERO,2U,Ero Sun d'Or
,2V,Amtrak
WFL,2W,"World 2 Fly, S.L"
PTB,2Z,Passaredo Transportes
,3A,Chu Kong Passenger Transport
JBR,3B,Job Air
CVA,3C,Air Chathams
,3D,Dokasch
OMQ,3E,Multi Aero
,3F,Pacific Airways
CXM,3G,AsiaCargo Express
AIE,3H,Air Inuit
LFM,3I,Pison Airways Ltd
JBW,3J,Jubba Airways Kenya
JSA,3K,Jetstar Asia Airways
ADY,3L,Air Arabia Abu Dhabi
GFT,3M,Silver Airways
URG,3N,Air Urga
MAC,3O,Air Arabia Maroc
WPT,3P,World 2 Fly Portugal
,3Q,Carib Aviation Limited
DVR,3R,Divi Divi Air
,3S,Air Antilles Express
TRQ,3T,Tarco Air
CSC,3U,Sichuan Airlines
TAY,3V,Tnt Airways
MWI,3W,Malawian Airlines
,3X,Premier Trans Aire
TVP,3Z,Travel Service Polska
AMP,4A,Aero Transporte
BTQ,4B,Boutique Air
ARE,4C,LATAM Colombia
ASD,4D,Air Sinai
TNR,4E,Tanana Air Service
FDT,4F,Freedom Airline Express
GZP,4G,Gazpromavia
,4H,United Airways Bangladesh
SMK,4K,Freedom Airline Express (Somalia)
,4L,Palau National Airlines
DSM,4M,LATAM Argentina
,4N,Air North
MNE,4O,Air Montenegro
,4P,Travel Air
SFW,4Q,Safi Airways
SEK,4R,Star East Airline
STB,4S,Star Airways
,4T,Belair Airlines
GWI,4U,Germanwings
,4V,Lacbravo
VNA,4W,Warbelows Air Ventures
ANX,4X,Atlantic Express Airline
OCN,4Y,Discover Airlines
LNK,4Z,Airlink
BSX,5B,Bassaka Air
ICL,5C,Challenge Aero
SLI,5D,Aeroméxico Connect
BLK,5E,Aero
FIA,5F,Fly One
SHS,5G,Shirak Savia
FFV,5H,Five Fourty Aviation
,5I,ALSA
CEB,5J,Cebu Pacific
HFY,5K,Hi Fly
,5L,Fly Salone
MNT,5M,Montserrat Airways
AUL,5N,Jsc Nordavia
FPO,5O,ASL Airlines France
PCP,5P,PAL Airlines
RUC,5R,RUTACA Airlines
PSV,5S,Servicios Aereos Profesionales
MPE,5T,Canadian North
TGU,5U,Transportes Aéreos Guatemaltecos
,5V,Everts
WAZ,5W,Wizz Air Abu Dhabi
UPS,5X,UPS Airlines
GTI,5Y,Atlas Air
KEM,5Z,CemAir
AMW,6A,Armenia Airways
BLX,6B,Tuifly Nordic
,6C,Air Timor
TVQ,6D,Travel Service Slovensko
IGO,6E,IndiGo
PRW,6F,Primera Air Nordic
RLX,6G,Go2Sky
ISR,6H,Israir Airlines
MMD,6I,Air Alsie
,6J,Solaseed Air
SGB,6K,Songbird Airways
AKK,6L,Aklak Air
,6M,Air Minas Linhas Aereas
NIN,6N,Niger Airlines
OBS,6O,Orbest
SAW,6Q,Cham Wings Airlines
DRU,6R,ALROSA
SGQ,6S,Saudi Gulf Airlines
,6T,Air Mandalay
,6V,Avanza
,6W,Saratov Airlines
ART,6Y,SmartLynx Airlines
,6Z,Eurasia Air
XRC,7A,Express Air Cargo
JJA,7C,Jeju Air
,7D,MGC Aviation
AWU,7E,Sylt Air
FAB,7F,First Air
SFJ,7G,StarFlyer
RVF,7H,Ravn Alaska
INC,7I,Insel Air International
TJK,7J,Tajik Air
,7K,Kogalymavia Airlines
CRN,7L,Aero Caribbean
MYI,7M,Mayair
PWD,7N,PAWA Dominicana
TVL,7O,Travel Service Hungary
PST,7P,Air Panama
,7Q,Elite Airways
RLU,7R,RusLine
RYA,7S,Ryan Air Services
,7T,Trenitalia
,7U,Alpha Air Transport
,7V,Federal Airlines
WRC,7W,Wind Rose Aviation
MYP,7Y,Mann Yadanarpon Airlines
,7Z,Halcyon Air Cabo Verde
,8A,Panama Airways
TNU,8B,TransNusa Air Services
ATN,8C,Air Transport International
EXV,8D,FitsAir
BRG,8E,Bering Air
STP,8F,STP Airways
MFG,8G,Mid Africa Aviation
BGH,8H,BH Air
NLU,8I,Insel Air Aruba
ECO,8J,Línea Aerea Eco Jet
LKE,8L,Lucky Air
MMA,8M,Myanmar Airways International
REG,8N,Regional Air Services
PCO,8P,Pacific Coastal Airlines
OHY,8Q,Onur Air
AIA,8R,Amelia
,8S,Shun Tak China
TID,8T,Air Tindi
AAW,8U,Afriqiyah Airways
ACP,8V,Astral Aviation
EDR,8W,Fly All Ways Airlines
AAV,8Y,Pan Pacific Airlines
CGA,8Z,Congo Airways
,9A,Aladia Airlines
,9B,AccesRail
CQH,9C,Spring Airlines
NMG,9D,Genghis Khan Airlines
EDV,9E,Endeavor Air
,9F,Eurostar
,9G,9G Rail
CGN,9H,Chang An Airlines
LLR,9I,Air India Regional
DAN,9J,Dana Air
KAP,9K,Cape Air
WLN,9L,West Link Airways
GLR,9M,Central Mountain Air
TOS,9N,Tropic Air
,9O,OUIGO for AccesRail
JAD,9P,Fly Jinnah
CXE,9Q,Caicos Express Airways
NSE,9R,SATENA
SOO,9S,Southern Air
RUN,9T,MyCargo Airlines
MLD,9U,Air Moldova
ROI,9V,Avior Airlines
JAI,9W,Jet Airways
FDY,9X,Southern Airways Express
NAE,9Y,National Airways
,9Z,SNCF Inoui for AccesRail
EFW,A0,BA EuroFlyer
,A1,APG Distribution System
AWG,A2,Animawings
AEE,A3,Aegean Airlines
,A4,Azimuth
HOP,A5,Air France HOP
HTU,A6,Yunnan Hongtu Airline
CFV,A7,Aéreo Calafia
XAU,A8,Aerolink Uganda
,A9,Georgian Airways
AAL,AA,American Airlines
BNZ,AB,Bonza
ACA,AC,Air Canada
AZU,AD,Azul Brazilian Airlines
MDA,AE,Mandarin Airlines
AFR,AF,Air France
,AG,Aruba Airlines
DAH,AH,Air Algerie
AIC,AI,Air India
,AJ,Aztec Worldwide Airlines
AXM,AK,AirAsia
APP,AL,Air Leisure
AMX,AM,AeroMexico
RLA,AN,Advanced Air
,AO,Air Juan Aviation
LAV,AP,AlbaStar
,AQ,9 Air
ARG,AR,Aerolíneas Argentinas
ASA,AS,Alaska Airlines
RAM,AT,Royal Air Maroc
AUT,AU,Austral Líneas Aéreas
AVA,AV,Avianca
AFW,AW,Africa World Airlines
LOF,AX,Trans States Airlines
FIN,AY,Finnair
ITY,AZ,ITA Airways
DJT,B0,La Compagnie
,B1,Cions Software
BRU,B2,Belavia
BTN,B3,Bhutan Airlines
TAN,B4,Zanair
EXZ,B5,Fly-SAX
JBU,B6,JetBlue
UIA,B7,Uni Airways
ERT,B8,Eritrean Airlines
IRB,B9,Iran Air Tours
BAW,BA,British Airways
SBS,BB,Seaborne Airlines
SKY,BC,Skymark Airlines
BYC,BD,Cambodia Bayon Airlines
BEE,BE,Flybe
FBU,BF,French Bee
BBC,BG,Biman Bangladesh Airline
RBA,BI,Royal Brunei
LBT,BJ,Nouvelair
OKA,BK,Okay Airways
PIC,BL,Jetstar Pacific Airlines
BMR,BM,bmi regional
LWG,BN,Luxwing Ltd
,BO,BB Airways
BOT,BP,Air Botswana
SWU,BQ,SkyAlps
EVA,BR,EVA Air
,BS,US-Bangla Airlines
BTI,BT,airBaltic
FPY,BU,Compagnie Africaine d'Aviation
BPA,BV,Blue Panorama Airlines
BWA,BW,Caribbean Airlines
ABL,BX,Air Busan
TOM,BY,TUI Airways
BBG,BZ,Bluebird Airways
CLW,C0,Centralwings
,C1,Tectimes Sudamerica
,C2,Ceiba Intercontinental
TDR,C3,Trade Air
,C4,Alma De Mexico
UCA,C5,CommutAir
MFX,C6,Centrum Air
RLE,C7,Cinnamon Air
CRA,C8,Cronos Airlines
SWZ,C9,Skywise
CCA,CA,Air China
,CB,Trans Caribbean Air ExportImport
CND,CD,Corendon Dutch Airlines
CLG,CE,Chalair Aviation
CYZ,CF,China Postal Airlines
TOK,CG,PNG Air
BMJ,CH,Bemidji Airlines
CAL,CI,China Airlines
CFE,CJ,BA CityFlyer
CKK,CK,China Cargo Airlines
CLH,CL,Lufthansa CityLine
CMP,CM,Copa Airlines
GDC,CN,Grand China Air
FCB,CO,Cobalt Air
CPZ,CP,Compass Airlines
,CQ,Coastal Travels
,CR,OAG Worldwide
CXB,CS,Comlux Aruba
CYL,CT,Alitalia CityLiner
CUB,CU,Cubana De Aviacion
CLX,CV,Cargolux
CPA,CX,Cathay Pacific
CYP,CY,Charlie Airlines
CSN,CZ,China Southern Airlines
DHK,D0,DHL Air UK
SSF,D2,Severstal Air Company
DAO,D3,Daallo Airlines
LID,D4,DART Ltd
INL,D6,Interair
XAX,D7,AirAsia X
NSZ,D8,Norwegian Air Sweden AOC
DNV,D9,Donavia
GEO,DA,Air Georgia
BZH,DB,HOP Brit Air
BRX,DC,Braathens Regional Airways
,DD,Nok Air
CFG,DE,Condor
CIB,DF,Condor Berlin
SRQ,DG,Cebgo
DTS,DH,Douniah Airlines
NRS,DI,Norwegian Air UK
WAJ,DJ,AirAsia Japan
VKG,DK,Thomas Cook Airlines
DAL,DL,Delta Air Lines
DWI,DM,Arajet
NAA,DN,Norwegian Air Argentina
,DO,Discovery Airways
,DP,Pobeda
DCP,DQ,Delta Connection
,DR,Ruili Airlines
EZS,DS,easyJet Switzerland
DTA,DT,Taag
NLH,DU,Norwegian Long Haul
VSV,DV,SCAT Airlines
GDE,DW,Great Dane Airlines
DTR,DX,Danish Air Transport
NOZ,DY,Norwegian Air Shuttle AOC
,DZ,Donghai Airlines
VGO,E3,New Gen Airways
ENT,E4,Enter Air
RBG,E5,Air Arabia Egypt
EWE,E6,Eurowings Europe
,E7,Equaflight Service
BES,E8,Bees Airlines
EVE,E9,Evelop Airlines
PLM,EB,Wamos Air
EJU,EC,easyJet Europe
AXE,ED,Air Explore
EST,EE,Nordica
,EF,Fly CamInter
ETJ,EG,East Air
AKX,EH,ANA Wings
EIN,EI,Aer Lingus
NEA,EJ,New England Airlines
UAE,EK,Emirates
ELB,EL,Ellinair
,EM,Aero Benin
DLA,EN,Air Dolomiti
AGY,EO,Air Go Egypt
IRC,EP,Iran Aseman Airlines
TAE,EQ,TAME
SEP,ER,SereneAir
ETR,ES,Estelar Latinoamerica
ETH,ET,Ethiopian Airlines
,EU,Chengdu Airlines
ASQ,EV,ExpressJet Airlines
EWG,EW,Eurowings
AVR,EX,Avianca Express
ETD,EY,Etihad Airways
SUS,EZ,Sun Air of Scandinavia
,F1,Farelogix
XLK,F2,Safarilink Aviation
FAD,F3,Flyadeal
WAF,F4,Air Flamenco
VAW,F6,Fly2sky
FLE,F8,Flair Airlines
FTT,F9,Frontier Airlines
SFR,FA,Safair
LZB,FB,Bulgaria Air
,FC,Link Airways
AIQ,FD,Thai AirAsia
FEA,FE,Far Eastern Air Transport
AFG,FG,Ariana Afghan Airlines
FHY,FH,Freebird Airlines
ICE,FI,Icelandair
FJI,FJ,Fiji Airways
KFA,FK,Kelowna Flightcraft Air Charter
TRS,FL,Airtran Airways
CSH,FM,Shanghai Airlines
FJW,FN,Fastjet Zimbabwe
FXX,FO,Felix Airways
,FP,Pelican Airlines
,FQ,SOL SA LINEAS AEREAS (DBA Flyest Lineas Aereas)
RYR,FR,Ryanair
FOX,FS,Flyr
FEG,FT,FlyEgypt
FZA,FU,Fuzhou Airlines
SDM,FV,Rossiya
IBX,FW,Ibex Airlines
FDX,FX,Fedex
FFM,FY,Flyfirefly
FDB,FZ,flydubai
,G0,Alianza Glancelot
,G2,Galeyr Airline
GLO,G3,Gol Transportes Aéreos
AAY,G4,Allegiant Air
HXA,G5,China Express Airlines
DNM,G6,Denim Air
GJS,G7,GoJet Airlines
GOW,G8,Go First
ABY,G9,Air Arabia
GIA,GA,Garuda Indonesia
ABX,GB,ABX Air
,GC,Global Feeder Services
,GD,Aviair
GBB,GE,Lift Airline
GFA,GF,Gulf Air
KYE,GG,Sky Lease Cargo
GHA,GH,Globus
IKA,GI,Itek Air
CDC,GJ,Zhejiang Loong Airlines
,GK,Jetstar Japan
GRL,GL,Air Greenland
GSW,GM,Chair Airlines
GOE,GO,Go
RIV,GP,APG Airlines
SEH,GQ,Sky Express
AUR,GR,Aurigny Air Services
GCR,GS,Tianjin Airlines
CGH,GT,Air Guilin
GUG,GU,Aviateca
SWV,GV,Grant Aviation
CRG,GW,Costa Rica Green Airways
,GX,Guangxi Beibu Gulf Airlines
,GY,Colorful Guizhou Airlines
,GZ,Air Rarotonga
,H1,Hahn Air Systems
SKU,H2,Sky Airline
,H3,Harbour Air
OMT,H5,CM Airlines
BUC,H6,Bulgarian Air Charter
EGU,H7,Eagle Air
,H8,Chilejet
HIM,H9,Himalaya Airlines
HAL,HA,Hawaiian Airlines
HGB,HB,Greater Bay Airlines
SZN,HC,Air Senegal
ADO,HD,Air Do
,HE,LGW Luftfahrtges Walter
,HF,Air Cote D Ivoire
TBM,HH,Qanot Sharq
,HI,Papillon Airways
HEJ,HJ,Hellas Jet
,HK,Skippers Aviation
SEY,HM,Air Seychelles
,HN,Afghan Jet International
DKH,HO,Juneyao Airlines
APF,HP,PopulAir
HHN,HR,Hahn Air
HLI,HS,Heli Sécurité
CHH,HU,Hainan Airlines
TRA,HV,Transavia Airlines
,HW,North Wright Air
CRK,HX,Hong Kong Airlines
UZB,HY,Uzbekistan Airways
SHU,HZ,Aurora Airlines
,I1,CTS Viaggi
IBS,I2,Iberia Express
TBZ,I3,ATA Airlines
,I4,Scott Air
,I5,AirAsia India
MPK,I6,Air Indus
IIA,I7,Int'Air Îles
IZA,I8,Izhavia
IAW,IA,Iraqi Airways
IBE,IB,Iberia
,IC,Nacil Indian Airline
BTK,ID,Batik Air
SOL,IE,Solomon Airlines
FBA,IF,FlyBaghdad
ISS,IG,Air Italy
MZA,IH,Jsc Irtysh Air
CSQ,II,IBC Airways
,IJ,Spring Airlines Japan
AKL,IK,Air Kiribati
,IL,Trigana Air Service
,IM,Mint Líneas Aéreas
NIH,IN,NAM Air
IAE,IO,IrAero
,IQ,Qazaq Air
IRA,IR,Iran Air
PNX,IS,AIS Airlines
TTW,IT,Tigerair Taiwan
SJV,IU,Super Air Jet
,IV,Air Djibouti
WON,IW,Wings Air
AXB,IX,Air India Express
IYE,IY,Yemen Airways
AIZ,IZ,Arkia
,J0,Jetlink Express
,J1,OntJet
AHY,J2,Azerbaijan Airlines
PLR,J3,Northwestern Air Lease
BDR,J4,Badr Airlines
,J5,Alaska Seaplane Service
OPS,J6,Jet-Ops
ABS,J7,Afrijet Business Service
BVT,J8,Berjaya Air
,J9,Jazeera Airways
JAT,JA,Jetsmart Chile
JBA,JB,Helijet International
JAC,JC,Japan Air Commuter
CBJ,JD,Beijing Capital Airlines
MNO,JE,Mango
JAA,JF,Jet Asia Airways
,JG,Jetgo Australia
FDA,JH,Fuji Dream Airlines
,JI,Eastern Caribbean Airlines
TAM,JJ,LATAM Brasil
JAL,JL,Japan Airlines
JMA,JM,Jambojet
,JN,Alaska Air Transit
JTG,JO,Jet Time
JST,JQ,Jetstar
JOY,JR,Joy Air
KOR,JS,Air Koryo
LNI,JT,Lion Air
ASL,JU,Air Serbia
BLS,JV,Bearskin Airlines
VNL,JW,Vanilla Air
SJX,JX,STARLUX Airlines
IWY,JY,InterCaribbean Airways
JAP,JZ,Jetsmart Peru
,K3,Taquan Air Services
,K4,ALS
SQH,K5,SeaPort
KHV,K6,Cambodia Angkor Air
KBZ,K7,Air KBZ
KND,K8,Kan Air
KFS,K9,Kalitta Charters
HDA,KA,Cathay Dragon
DRK,KB,Druk Air
KZR,KC,Air Astana
WGN,KD,Western Global Airlines
KAL,KE,Korean Air
ABB,KF,Air Belgium
GTV,KG,Aerogaviota
AAH,KH,Aloha Air Cargo
,KI,KrasAvia
IAH,KJ,Air Incheon
KKK,KK,AtlasGlobal
KLM,KL,KLM
KMM,KM,KM Malta Airlines
CUA,KN,China United Airlines
KMA,KO,Komiaviatrans
SKK,KP,ASKY Airlines
KQA,KQ,Kenya Airways
KME,KR,Cambodia Airways
PEN,KS,Penair
,KT,Fly Kiss
KAC,KU,Kuwait Airways
SKV,KV,Sky Regional Airlines
,KW,Kharkiv Airlines
CAY,KX,Cayman Airways
KNA,KY,Kunming Airlines
NCA,KZ,Nippon Cargo Airlines
,L1,E Savtravel
,L3,Lynx Aviation
,L4,Air Service Liege (ASL)
TLB,L5,Atlantique Air Assistance
,L6,Mauritanian Airlines Int
LHS,L7,Lugansk Airlines
,L8,Afric Aviation
BAL,L9,Belle Air Europe
LAN,LA,LATAM Chile
,LB,Air Costa
PTI,LC,ECAir
,LE,Norwegian Air Sweden AB
VTE,LF,Contour Airlines
LGL,LG,Luxair
DLH,LH,Lufthansa
GEC,LH,Lufthansa Cargo
LIA,LI,LIAT
JNA,LJ,Jin Air
LLL,LK,Lao Skyway
BSK,LL,Miami Air International
,LM,Loganair
LAA,LN,Libyan Airlines
LOT,LO,LOT Polish Airlines
LPE,LP,LATAM Perú
MKR,LQ,Lanmei Airlines
LRC,LR,Avianca Costa Rica
EXS,LS,Jet2.com
SNG,LT,Longjiang Airlines
LXP,LU,LAN Express
,LV,Level
ANV,LW,Pacific Wings
SWR,LX,Swiss International Air Lines
ELY,LY,El Al
MNG,M0,Aero Mongolia
,M2,MHS Aviation
LTG,M3,LATAM Cargo Brasil
MSA,M4,Mistral Air
KEN,M5,Kenmore Air
AJT,M6,Amerijet International
MSJ,M8,SKYJET Airlines
,M9,Motor Sich Jsc
MNB,MB,Mng Airlines Cargo
,MC,Air Mobility Command
MDG,MD,Air Madagascar
MEA,ME,Middle East Airlines
CXA,MF,XiamenAir
MGD,MG,Miami Air Lease
MAS,MH,Malaysia Airlines
SLK,MI,SilkAir
MLR,MJ,Mihin Lanka
MAU,MK,Air Mauritius
FML,ML,Sky Mali
APJ,MM,Peach Aviation
CAW,MN,Comair
CAV,MO,Calm Air International
MPH,MP,Martinair
ENY,MQ,Envoy Air
MML,MR,Hunnu Air
MSR,MS,EgyptAir
TCX,MT,Thomas Cook Airlines
CES,MU,China Eastern Airlines
MAR,MV,Air Mediterranean
MKL,MW,Mokulele Airlines
MXY,MX,Breeze Airways
MWG,MY,MASwings
AHX,MZ,Amakusa Airlines
NBT,N0,Norse Atlantic Airways
,N2,Dagestan Airlines
,N3,Aerolineas Mas
NWS,N4,Nord Wind
NRL,N5,Nolinor Aviation
,N6,Nomad Aviation
WBA,N7,Nordic Regional Airlines
MUA,N8,National Airlines
NVR,N9,Novair
NSS,NA,Nesma Airlines
EAN,NB,Skypower Express Airways
JTE,NC,Cobham Aviation Services Australia
FMI,ND,FMI Air
NMA,NE,Nesma Airlines
AVN,NF,Air Vanuatu
NAI,NG,NovAir
ANA,NH,All Nippon Airways
PGA,NI,Portugalia
,NJ,Niger Airways
NKS,NK,Spirit Airlines
AEH,NL,Amelia International
,NM,Manx
MOV,NN,Vim Airlines
NOS,NO,Neos
NIA,NP,Nile Air
AJX,NQ,Air Japan
MAV,NR,Manta Air
,NS,Hebei Airlines
IBB,NT,Binter Canarias
JTA,NU,Japan Transocean Air
IRG,NV,Iranian Naft Airline
AMU,NX,Air Macau
FXI,NY,Air Iceland
ANZ,NZ,Air New Zealand
,O2,"Hopscotch Air, Inc"
ANS,O4,Andes Líneas Aéreas
KMZ,O5,Comores Aviation International
,O7,Orenburg Region Airlines
NOV,O9,Nova Airways
OAL,OA,Olympic Air
BOV,OB,Boliviana de Aviación (BoA)
NGK,OC,Oriental Air Bridge
,OD,Batik Air Malaysia
LDM,OE,Lauda
OLA,OF,Overland Airways
FPY,OG,Fly Play
JIA,OH,PSA Airlines
HND,OI,Hinterland Aviation
FJM,OJ,Fly Jamaica Airways
CSA,OK,Czech Airlines
PAO,OL,Polynesian Airlines
MGL,OM,Miat Mongolian Airlines
RON,ON,Nauru Airlines
SKW,OO,SkyWest Airlines
PPL,OP,Air Pegasus
,OQ,Chongqing Airlines
TFL,OR,TUI Airlines Netherlands
AUA,OS,Austrian Airlines
CDO,OT,Tchadia Airlines
CTN,OU,Croatia Airlines
OMS,OV,SalamAir
SEW,OW,Skyward Express
OEA,OX,Orient Thai Airlines
OAE,OY,Omni Air International
AAR,OZ,Asiana Airlines
PFZ,P0,Proflight Commuter
,P1,Publiccharters Com
XAK,P2,Airkenya Express
CLU,P3,CargoLogicAir
APK,P4,Air Peace
RPB,P5,Copa Airlines Colombia
PSC,P6,Pascan Aviation
SRN,P8,SprintAir
PVN,P9,Peruvian Airlines
ABQ,PA,Airblue
SPR,PB,Provincial Airlines
PGT,PC,Pegasus Airlines
POE,PD,Porter Airlines
PEV,PE,Peoples Viennaline
PRI,PF,Primera Air Scandinavia
BKP,PG,Bangkok Airways
,PH,Transavia Denmark
RKA,PI,Polar Airlines
,PJ,Air Saint Pierre
PIA,PK,Pakistan International Airlines (PIA)
,PL,Southern Air Charter
CNF,PM,Canaryfly
,PN,China West Air
PAC,PO,Polar Air Cargo
PJS,PP,Jet Aviation Business
APG,PQ,AirAsia Philippines
SQP,PQ,SkyUp Airlines
PAL,PR,Philippine Airlines
AUI,PS,Ukraine International Airlines
PDT,PT,Piedmont Airlines
,PU,Plus Ultra Líneas Aéreas
SBU,PV,Saint Barth Commuter
PRF,PW,Precision Air
ANG,PX,Air Niugini
SLM,PY,Surinam Airways
LAP,PZ,LATAM Paraguay
,Q0,Quebecair Express
,Q1,Sqiva Sistem
DQA,Q2,Maldivian
AXL,Q3,Anguilla Air Services
,Q4,Aviation Starlink
MLA,Q5,Forty Mile Air
VOC,Q6,Volaris CostaRica
SBM,Q7,Sky Bahamas Airlines
TSG,Q8,Trans Air Congo
,Q9,Airliaison
IRQ,QB,Qeshm Air
CRC,QC,Camair-Co
DOB,QD,Dobrolet Airlines
QFZ,QE,Fars Qeshm Airlines
QFA,QF,Qantas
CTV,QG,Citilink Indonesia
BAV,QH,Air Bamboo
LTP,QJ,Latpass Airlines
JZA,QK,Jazz Aviation
LER,QL,Linea Aerea De Servicio
,QM,Monacair
SKP,QN,Skytrans Regional
,QO,Quantum Air
AKJ,QP,Akasa Air
FWQ,QQ,Alliance Airlines
QTR,QR,Qatar Airways
TVS,QS,Smartwings
TPA,QT,Tampa Cargo
UTN,QU,UTair Ukraine
LAO,QV,Lao Airlines
,QW,Qingdao Airlines
QXE,QX,Horizon Air
,QY,European Air Transport
AWQ,QZ,Indonesia AirAsia
,R0,MS Royal Airlines
GTS,R2,Transair
SYL,R3,Yakutia Airlines
RLT,R4,Real Tonga
JAV,R5,Jordan Aviation
DNU,R6,DOT LT
OCA,R7,Aserca
KGA,R8,Kyrgyzstan Airlines
TSD,R9,TAF Linhas Aereas
RNA,RA,Nepal Airlines
SYR,RB,Syrian Arab Airlines
FLI,RC,Atlantic Airways
STK,RE,Stobart Air
EOK,RF,Aero K
RJD,RG,Rotana Jet
,RH,Robin Hood Aviation
MDL,RI,Air Costa Rica
RJA,RJ,Royal Jordanian
,RK,Ryanair UK
ABG,RL,Royal Flight
NGT,RM,Aircompany Armenia
RKT,RN,Rayani Air
ROT,RO,TAROM
CHQ,RP,Chautauqua Airlines
KMF,RQ,Kam Air
RYS,RR,Buzz
ASV,RS,Air Seoul
RAT,RT,Rainbow Airlines
SKI,RU,Air Bridge Cargo
,RV,Air Canada Rouge
RYL,RW,Royal Air Charter Service
CJX,RY,Jiangxi Air
LRS,RZ,SANSA Airlines
NSO,S0,Aerolineas Sosa
LSY,S1,Lufthansa Systems
RSH,S2,Jet Lite
BBR,S3,SBA Airlines
RZO,S4,SATA International
TCF,S5,Shuttle America
SNR,S6,Sunrise Airways
SBI,S7,Siberia Airlines
SDA,S8,Sounds Air
IKM,S9,Starbow
SAA,SA,South African Airways
ACI,SB,Aircalin
CDG,SC,Shandong Airlines
SUD,SD,Sudan Airways
DTH,SF,Tassili Airlines
SEJ,SG,SpiceJet
,SH,Sharp Aviation
BCI,SI,Blue Islands
SJY,SJ,Sriwijaya Air
SAS,SK,Scandinavian Airlines
TLM,SL,Thai Lion Air
MSC,SM,Air Cairo
BEL,SN,Brussels Airlines
SIA,SQ,Singapore Airlines
SDR,SR,SundAir
CRL,SS,Corsair
GMI,ST,Germania
AFL,SU,Aeroflot
SVA,SV,Saudia
NMB,SW,Air Namibia
SRK,SX,SkyWork Airlines
SCX,SY,Sun Country
SMR,SZ,Somon Air
,T1,Tik Systems
FLB,T2,Fly Art
EZE,T3,Eastern Airways
,T4,Trip
TUA,T5,Turkmenistan Airlines
ITI,T6,ITI Air
TJT,T7,Twin Jet
,T9,Aviator Aviation
TAI,TA,Avianca El Salvador
JAF,TB,TUIfly Belgium
ATC,TC,Air Tanzania
,TD,Atlantis European Airways
IGA,TE,Sky Taxi
BRA,TF,BRA
THA,TG,Thai Airways
RMY,TH,Raya Airways
TWI,TI,Tailwind Hava Yollari As
GPD,TJ,Tradewind Aviation
THY,TK,Turkish Airlines
ANO,TL,Airnorth
LAM,TM,Lam Mozambique
THT,TN,Air Tahiti Nui
TVF,TO,Transavia France
TAP,TP,TAP Portugal
TDM,TQ,Tandem Aero
SCO,TR,Scoot
TSC,TS,Air Transat
TAR,TU,Tunisair
TBA,TV,Tibet Airlines
TWB,TW,T'way Air
FWI,TX,Air Caraibes
TPC,TY,Air Caledonie
,U1,Videcom International
EZY,U2,easyJet
BHA,U4,Buddha Air
,U5,Karinou Airlines
SVR,U6,Ural Airlines
,U7,Air Uganda
CYF,U8,Tus Airways
,U9,Tatarstan Air
UAL,UA,United Airlines
UBA,UB,Myanmar National Airlines
LCO,UC,LAN Cargo
HER,UD,Hex Air
,UE,Nasair
UKM,UF,Um Air
,UG,Tunisair Express
UJX,UH,AtlasJet Ukraine
AUK,UI,Auric Air Services
LMU,UJ,AlMasria Universal Airlines
VTI,UK,Vistara
ALK,UL,SriLankan Airlines
AZW,UM,Air Zimbabwe
UNA,UN,United Nigeria Airlines Company Ltd
HKE,UO,Hong Kong Express Airways
BHS,UP,Bahamasair
,UQ,Business Aviation Centre
UGD,UR,Uganda Airlines
AWE,US,US Airways
UTA,UT,UTair Aviation
REU,UU,Air Austral
,UV,Helicopteros Del Sureste
AEA,UX,Air Europa
SPD,UY,Sky Prime Charter
BRQ,UZ,Buraq Air
VCV,V0,Conviasa
,V1,IBS Software Services Americas
RBY,V2,Vision Airlines
KRP,V3,Carpatair
VES,V4,Vieques Air Link
DAP,V5,Aerovias DAP
,V6,Air Link
VOE,V7,Volotea
IAR,V8,Iliamna Air
,V9,Van Air Europe
VOZ,VA,Virgin Australia
VIV,VB,Viva Aerobus
SRY,VC,ViaAir
,VD,Hennan Airlines
EFY,VE,EasyFly
TKJ,VF,AJet
VLM,VG,VLM Airlines
VVC,VH,Viva Air Colombia
,VI,Volga Dnepr Airline
VJC,VJ,VietJet Air
FOO,VK,Anisec Luftfahrt
VIM,VL,Lufthansa City Airlines GmbH
NGL,VM,Max Air
HVN,VN,Vietnam Airlines
WLM,VO,VLM Airlines Slovenia
VQI,VP,Villa Air
,VQ,Novoair
TCV,VR,Tacv Cabo Verde Airlines
VIR,VS,Virgin Atlantic
VTA,VT,Air Tahiti
VAR,VU,Vuelos Economicos
VPE,VV,Viva Airlines Peru
TAO,VW,Aeromar
VLG,VY,Vueling
TVJ,VZ,Thai Vietjet Air
,W1,WorldTicket
,W1,WorldTicket
FXT,W2,Flexflight
ARA,W3,Arik Air
WMT,W4,Wizz Air Malta
IRM,W5,Mahan Airlines
WZZ,W6,Wizz Air
SAH,W7,Sayakhat Airlines
WND,W8,Caribbean Winds Airlines
,W9,Wizz Air
KLC,WA,KLM Cityhopper
RWD,WB,Rwandair
ISV,WC,Islena Airlines
AAN,WD,Amsterdam Airlines Bv
THD,WE,Thai Smile Airways
WIF,WF,Widerøe
SWG,WG,Sunwing Airlines
,WH,West African Airlines
WHT,WI,White Airways
LAL,WJ,Air Labrador
EDW,WK,Edelweiss Air
ECB,WL,European Coastal Airlines
WIA,WM,Windward Island Airways
SWA,WN,Southwest Airlines
WOA,WO,World Airways
MKU,WP,Island Air
,WQ,Romavia
WEN,WR,WestJet Encore
WJA,WS,WestJet
SWT,WT,Swiftair
TKC,WU,Tikal Jets Airlines
RVP,WV,Aero VIP
,WW,Wow Air
BCY,WX,CityJet
OAS,WY,Oman Air
RWZ,WZ,Red Wings Airlines
,X1,Hahn Air Technologies
TUI,X3,TUIfly
,X4,Air Excursions
ATA,X6,Airlines Reporting Corp
CHG,X7,Challenge Aero
NVD,X9,Avion Express
,XB,IATA
CAI,XC,Corendon Airlines
,XD,Scheduled Airlines Traffic Offices
JSX,XE,Delux Public Charter
VLK,XF,Vladivostok Air
,XG,Sun Express Germany
,XH,Non Iata Codeshare Carrier
TAX,XJ,Thai AirAsia X
CCM,XK,Air Corsica
LNE,XL,LATAM Ecuador
IMX,XM,Zimex Aviation
XAR,XN,XpressAir
,XO,Seair
CXP,XP,Xtra Airways
SXS,XQ,SunExpress
CXI,XR,Corendon Airlines Europe
SIT,XS,SITA
INX,XT,Indonesia AirAsia X
,XU,African Express Airways
NCT,XW,NokScoot
KNE,XY,Flynas
AEZ,XZ,Aeroitalia
,Y0,Yellow Airtaxi
,Y1,Travel Technology Interactive
CEY,Y2,"Air Century, S.A."
VOI,Y4,Volaris
,Y5,Golden Myanmar Airlines
AYD,Y6,AB Aviation
TYA,Y7,NordStar
YZR,Y8,Yangtze River Express
IRK,Y9,Kish Airlines
,YA,Nego Airline One
,YB,Harbour Air Seaplanes
LLM,YC,Yamal Airlines
,YD,Mauritania Airways
,YE,Yan Air
OTL,YG,South Airlines
AYG,YH,Yangon Airways
,YI,Yunnan Yingan Airline
AWM,YJ,Asian Wings Airways
,YK,Avia Traffic Company
LWA,YL,Libyan Wings
MGX,YM,Montenegro Airlines
CRQ,YN,Air Creebec
MCM,YO,Heli Air Monaco
PAG,YP,Air Premia
LCT,YQ,TAR Aerolíneas
SCE,YR,Scenic Airlines
RAE,YS,Regional
NYT,YT,Yeti Airlines
MMZ,YU,Euroatlantic Airways
ASH,YV,Mesa Airlines
ANE,YW,Air Nostrum
MEP,YX,Republic Airline
ALY,YZ,Alas Uruguay
UBT,Z0,Norse Atlantic UK
APG,Z2,Philippines AirAsia
,Z3,PM Air
GZQ,Z4,Zagrosjet
GMG,Z5,GMG Airlines
UDN,Z6,Dniproavia
AUZ,Z7,Amaszonas Uruguay
AZN,Z8,Línea Aérea Amaszonas
BEK,Z9,Jsc Bek Air
SWM,ZA,Sky Angkor Airlines
ABN,ZB,Air Albania
FZW,ZC,Fly Africa Zimbabwe
EWR,ZD,Ewa Air
ESR,ZE,Eastar Jet
KTK,ZF,Azur Air
GOZ,ZG,Groznyy Avia
CSZ,ZH,Shenzhen Airlines
AAF,ZI,Aigle Azur
ZMA,ZJ,Zambezi Airlines
GLA,ZK,Great Lakes Airlines
RXA,ZL,Regional Express
MBB,ZM,Pegasus Asia
AZB,ZN,Zambia Airways
AZP,ZP,Paranair
AZM,ZQ,Azman Air
,ZR,Punto Azul
,ZS,Kazaviaspas
AWC,ZT,Titan Airways
,ZU,Sunair
VAX,ZV,V Air
AWI,ZW,Air Wisconsin
GGN,ZX,Air Georgian
,ZY,China Air Cargo
,ZZ,Airline Service
AND,,Servicios Aéreos de los Andes
ATM,,Airlines of Tasmania
CCE,,Cairo Aviation
FTR,,Finist'air
IAX,,Island Express Air
JTM,,East Coast Flight Services
KDC,,KD Air
LDE,,LADE
LNQ,,Links Air
LYD,,LyddAir
NFA,,North Flying
NTH,,Hokkaido Air System
NWG,,Airwing
TUY,,Línea Turística Aereotuy
VIT,,Aviastar Mandiri
WEW,,West Wind Aviation
WSG,,Wasaya Airways
